round,video_seconds,blocks,double_strength_blocks,extra_ball_pickups
1,2,4,1,0
2,6,3,1,1
3,11,3,0,1
4,15,2,2,1
5,21,2,0,1
6,27,5,0,1
7,30,5,0,1
8,33,6,1,1
9,42,4,0,1
10,54,4,0,1
11,66,2,0,1
12,78,5,3,1
13,84,3,0,1
16,96,3,1,1
17,102,2,1,1
18,114,2,0,1
20,132,5,1,1
21,144,1,0,1
22,153,1,0,1
23,160,4,0,1
24,165,3,0,1
25,171,3,1,1
26,177,2,0,1
27,183,3,1,1
28,189,4,0,1
29,196,3,1,1
30,212,4,1,1
31,220,3,0,1
32,228,4,0,1
33,244,3,0,1
34,252,2,0,1
35,272,6,2,1
36,280,2,0,1
37,296,3,0,1
38,312,6,2,1
39,330,2,0,1
40,337,2,1,1
41,344,2,1,1
42,352,4,0,1
43,360,5,1,1
44,370,2,0,1
45,380,4,0,1
46,394,2,1,1
47,404,3,1,1
48,416,2,0,1
49,428,3,0,1
50,444,4,0,1